{"texts": ["Acta Constitutiva de Sociedad Anónima (Company Creation)\nEn la Ciudad de México, a la fecha 2025-09-11, los señores Juan Pérez y María López acuerdan\nconstituir una Sociedad Anónima denominada 'Tecnologías del Centro, S.A. de C.V.'.\nObjeto social: desarrollo de software, consultoría y servicios tecnológicos.\nCapital social fijo: $100,000.00 MXN, representado por 100 acciones ordinarias.\nDomicilio social: Avenida Reforma 123, Ciudad de México, México.\nAdministración: Consejo de Administración; Representante legal: Juan Pérez.\nCláusulas estatutarias: transmisión de acciones, asambleas, auditoría y disolución.\nJurisdicción aplicable: Ciudad de México, Estados Unidos Mexicanos.\nInvolucra actos de constitución (company creation) y registro ante el RPC y SAT."], "pages": [1], "embeddings": [[0.7536807656288147, 0.938554584980011, -2.910809278488159, 0.6184906363487244, 0.4842318892478943, -0.9728835225105286, -0.5638984441757202, -0.5832105278968811, -0.044594474136829376, 0.7557529211044312, -0.9427594542503357, -0.22268113493919373, 1.443640947341919, -1.1907310485839844, 0.5566104054450989, -0.5335718393325806, 0.051345229148864746, 0.031536396592855453, -1.183620572090149, 1.8530521392822266, -0.06369946897029877, -0.4708522856235504, -0.9680122137069702, -0.6961985230445862, 1.6411657333374023, 1.1471980810165405, 0.6287214756011963, 0.813225507736206, 0.08552608639001846, -1.0814162492752075, -0.6048462390899658, 0.7201927304267883, 0.3377515971660614, 0.5920934677124023, 0.007296687923371792, -0.786577045917511, 0.7054535150527954, 0.11226590722799301, -0.3278001844882965, -0.9808315634727478, 0.6465538740158081, -0.37137290835380554, -1.3197605609893799, -0.905154824256897, 0.8174173831939697, 0.2713012397289276, 0.4578697979450226, -0.5717007517814636, 1.005303144454956, -0.5240998864173889, -0.22241505980491638, -0.6249510645866394, -0.5641958117485046, -0.05432051792740822, 0.6405212879180908, 0.39335721731185913, -1.0894312858581543, 0.3034075200557709, -0.10259116441011429, -0.6174094080924988, 1.2103458642959595, 1.0422780513763428, 1.2107728719711304, 1.3527708053588867, 0.7094071507453918, 0.1981387436389923, -0.3246578574180603, 1.232048511505127, -0.17445972561836243, 0.013736024498939514, 0.5731788277626038, -0.017043715342879295, 0.06703098863363266, 0.23866543173789978, -0.7812724113464355, -0.2756160497665405, -1.405579686164856, -0.1712154597043991, -0.7297440767288208, -0.38658666610717773, 1.135986566543579, -0.4219076633453369, 2.3715622425079346, -0.7336859107017517, 1.0532313585281372, 0.14927567541599274, -0.9218966960906982, -0.7163811326026917, -0.15501360595226288, 0.8144655823707581, 0.45787718892097473, 0.8514825105667114, 0.28886276483535767, 0.08265266567468643, -0.7309954762458801, -0.7720959782600403, -0.38112035393714905, -0.36275872588157654, 0.5614967346191406, -0.11283014714717865, -0.35324856638908386, -0.8559111952781677, -0.6683813333511353, 0.21111395955085754, 0.7712600827217102, 0.24325256049633026, -0.21307849884033203, -0.3162190318107605, 0.11210031807422638, -0.3896266222000122, 0.4185012876987457, 0.5291718244552612, -0.8237553834915161, -0.052688226103782654, 0.3768290579319, -0.21577592194080353, 0.9837483763694763, -0.46128547191619873, 0.7074052095413208, 0.7390073537826538, -0.1816123127937317, -0.9371964931488037, -0.3166453540325165, 0.12893585860729218, 0.30850842595100403, 1.2524528503417969, 0.020485300570726395, 0.942554235458374, 0.09106320142745972, -1.5590875148773193, -0.47301536798477173, 0.33547455072402954, -0.6123248934745789, -0.152463898062706, 0.09012753516435623, 0.7489989995956421, -0.9107644557952881, -1.0287737846374512, -0.05220719054341316, 0.3400563895702362, 0.3789835572242737, 0.3156866729259491, 0.0660046711564064, 0.3053499162197113, -0.024521473795175552, -1.0631438493728638, 1.4140026569366455, -0.3067602217197418, -0.32487794756889343, 0.5430889129638672, 0.051744163036346436, -0.9659068584442139, 0.8386632204055786, 0.27010267972946167, -0.17067135870456696, -1.0483607053756714, 0.007277340162545443, 0.036623865365982056, -0.4142679274082184, 0.48863163590431213, 0.5049280524253845, -0.15910953283309937, -0.35352885723114014, 0.571303129196167, -0.5181763768196106, -0.8689612150192261, -0.09923170506954193, 0.3882255554199219, 0.07855042815208435, 0.45356762409210205, -1.461458683013916, -0.3532288074493408, -1.1906598806381226, 0.5335568189620972, 0.3886357247829437, -0.5979338884353638, -0.45533326268196106, -0.5614190101623535, 0.7382796406745911, -0.13381506502628326, 0.04774642735719681, -0.15874023735523224, -0.22806045413017273, 1.3346571922302246, -0.6064805388450623, -0.9730494022369385, -0.03349131718277931, -1.1538091897964478, -1.0759791135787964, -1.3972234725952148, -0.39498159289360046, 0.5843177437782288, -1.2068272829055786, -0.309338241815567, -0.8059931993484497, -0.1672673374414444, 0.5009111762046814, 0.37225332856178284, -0.8831666707992554, -0.9146932363510132, -0.013635534793138504, 0.7174651622772217, -0.6742639541625977, 0.12988083064556122, -0.2798108756542206, 0.49643513560295105, -0.8207181096076965, -0.12184985727071762, -0.9065971374511719, 1.1456692218780518, 0.45216885209083557, -1.3538315296173096, -0.013199805282056332, -0.7776910662651062, 0.7420068383216858, -0.6967877745628357, 0.33142369985580444, -0.9368159770965576, 0.7264624238014221, 0.40547308325767517, 0.3289339542388916, 0.008022350259125233, 0.9324403405189514, -0.3373678922653198, 0.2115750014781952, -0.40553832054138184, -1.7230204343795776, 0.6144438982009888, 0.36944228410720825, 0.45749562978744507, -0.40256863832473755, -1.0981767177581787, -0.05056995525956154, 0.9325622916221619, 0.21636566519737244, 0.13480910658836365, -0.9638479351997375, 0.7306815385818481, -1.165342092514038, -0.028265710920095444, -0.12566466629505157, 0.7809869050979614, -0.5706785321235657, -0.6951454877853394, -0.7012808918952942, -0.543988049030304, -0.31824952363967896, -1.2456270456314087, -0.013658003881573677, 0.805288553237915, 1.2508442401885986, -1.0477371215820312, 0.48957744240760803, -0.36082831025123596, 0.8524985909461975, 0.3443627953529358, -0.5618391036987305, 0.31000661849975586, 0.0648757815361023, 0.286471962928772, 0.2763979434967041, -0.008810528554022312, 1.3334465026855469, -0.7201199531555176, 0.1214723289012909, -1.0992556810379028, -0.2830928564071655, 0.08766896277666092, 0.16012856364250183, -0.6468526721000671, 0.54621422290802, 0.7025673389434814, 0.0764213278889656, 0.8353529572486877, -1.0677688121795654, -0.9293492436408997, 0.7210497856140137, -0.48409372568130493, -0.9145559072494507, 0.1881575733423233, -0.4707026779651642, -1.2054879665374756, -1.0966566801071167, -0.3863293528556824, 0.33756014704704285, 0.18315958976745605, 0.3522428870201111, 0.3468286097049713, 0.1987987607717514, -0.10334016382694244, 1.0477855205535889, 0.3798035681247711, -1.44040846824646, 0.5339654684066772, 0.07253175973892212, 0.23118212819099426, 0.4365423321723938, 0.12997062504291534, -0.21334601938724518, -0.7339423894882202, 0.8969973921775818, -0.1030445396900177, 0.9996157288551331, 1.2389780282974243, 0.15595942735671997, 0.15367799997329712, 0.6677227020263672, 0.06695527583360672, 1.1285077333450317, -0.28186139464378357, -0.14174647629261017, -0.2099231630563736, 0.008585760369896889, 0.4906725585460663, -0.7748321294784546, 0.4488154351711273, -0.44177767634391785, -0.16796249151229858, 0.34549999237060547, 0.5284416675567627, 0.3492276966571808, -1.263325572013855, -0.18362362682819366, -1.1451071500778198, 0.5857832431793213, 0.28743699193000793, -0.3579312860965729, 0.840130090713501, 0.6992852687835693, -1.052497148513794, -0.5526339411735535, 0.13951395452022552, 0.9559515118598938, -0.902000904083252, 0.4204222857952118, 0.41003888845443726, 0.5286104083061218, -0.9303150177001953, -0.06536959856748581, 0.8086103796958923, 1.6510841846466064, 0.00819786824285984, -0.03269611671566963, -0.9729226231575012, -0.660154402256012, 