{"texts": ["Acta Constitutiva de Asociación Civil (Association Creation)\nEn Guadalajara, Jalisco, a la fecha 2025-09-11, se constituye la Asociación Civil 'Cultura\nViva, A.C.' por Ana Torres y Luis García.\nObjeto: promover actividades culturales y educativas sin fines de lucro.\nPatrimonio inicial: donación de $50,000.00 MXN.\nÓrganos de gobierno: Asamblea General y Consejo Directivo.\nDomicilio: Calle Juárez 456, Guadalajara, Jalisco.\nJurisdicción: Jalisco, México.\nDocumento típico de asociación civil (association creation)."], "pages": [1], "embeddings": [[1.296486496925354, 1.1187931299209595, -2.876800298690796, 0.09651388972997665, 0.5469276905059814, -1.0090302228927612, -0.25477829575538635, -0.17925937473773956, -0.05167081207036972, 0.2797156870365143, -0.20818747580051422, 0.1969953179359436, 1.1501808166503906, -0.8597211241722107, 0.824280321598053, -0.16435642540454865, -0.11227980256080627, 0.18206174671649933, -1.5007517337799072, 1.7776360511779785, -0.4191403090953827, 0.10820265114307404, -0.8226014971733093, -0.4118010699748993, 2.347399950027466, 0.40669533610343933, 0.5682734251022339, 1.0000578165054321, -1.1462167501449585, -1.2449564933776855, -0.6200305223464966, -0.13291122019290924, 0.4494630694389343, 0.796272337436676, 0.7559368014335632, -0.17431776225566864, 0.5820592045783997, 0.11594143509864807, -0.2193603664636612, -1.4982304573059082, 0.5631445646286011, -0.01658896543085575, -0.9049333333969116, -0.12819962203502655, 0.23873750865459442, 0.31737372279167175, 0.16188250482082367, -1.0032672882080078, 0.7726398706436157, -0.06200248375535011, -0.5667135715484619, -0.39097335934638977, -0.40552282333374023, 0.1466217339038849, 0.12696193158626556, 0.8710026144981384, -0.49270355701446533, -0.23421187698841095, -0.10942566394805908, -0.9375447034835815, 0.7059986591339111, 1.4996978044509888, 0.3589005172252655, 1.5254567861557007, -0.06679385900497437, -0.07472924143075943, -0.6426706910133362, 0.5484573245048523, 0.006541939917951822, -0.05108339712023735, 0.44830840826034546, 0.4832004904747009, 0.633597195148468, 0.5692762136459351, -0.9764214754104614, -0.4158172011375427, -1.0650371313095093, -0.08736403286457062, 0.1895505040884018, -0.062060195952653885, 1.0236895084381104, -0.7619205713272095, 1.7138123512268066, -1.0990720987319946, 0.5045810341835022, -0.3710840344429016, -1.0955325365066528, -0.06000295653939247, -0.8835324048995972, 1.0400233268737793, 0.0026794930454343557, 0.4260089099407196, 0.7461990118026733, 0.6204684972763062, -0.4426592290401459, -0.5786211490631104, -0.6683440208435059, 0.35186466574668884, -0.6888468265533447, 0.1929166167974472, -0.92434161901474, -0.9323880076408386, 0.44511285424232483, 0.7794415950775146, 0.4752768874168396, 0.020223554223775864, 0.010507413186132908, 0.3932516872882843, -0.17241980135440826, -0.5277380347251892, -0.013366173021495342, 0.22283276915550232, -1.159623146057129, -0.3629497289657593, 0.4082834720611572, -0.381428986787796, 0.13794776797294617, -0.7765182256698608, 1.0238138437271118, 0.9464923739433289, 0.22356796264648438, -1.2660695314407349, -0.346635103225708, 0.14501029253005981, 0.17757567763328552, 0.6520282030105591, -0.17879557609558105, 0.7496441602706909, 0.25202637910842896, -1.6863136291503906, -1.1512844562530518, 0.27840232849121094, 0.034042421728372574, -0.3334398865699768, -0.20458753407001495, 0.20966674387454987, -0.8611099123954773, -0.4762066602706909, 0.3793138861656189, 0.7099217772483826, 0.4052276015281677, 0.384530246257782, 0.2726338803768158, -0.10227442532777786, 0.24537420272827148, -0.5190315246582031, 1.0364317893981934, -0.8803831338882446, 0.11298985034227371, 0.318994402885437, 0.32251766324043274, -0.9102428555488586, 0.5827689170837402, 0.06387735158205032, 0.24929608404636383, -0.8837918043136597, 0.15122339129447937, -0.9645815491676331, -0.6489907503128052, 0.2101089060306549, 0.10148835927248001, 0.6020774245262146, -0.2278258353471756, 0.5990769863128662, -0.8691401481628418, -1.1674988269805908, -0.3758476674556732, 0.6689858436584473, 0.23957675695419312, 1.1375010013580322, -0.48944950103759766, -0.6576322317123413, -0.7038213610649109, 0.711033284664154, 0.9066168665885925, -0.7025918364524841, 0.006735465954989195, -1.0258578062057495, -0.026796966791152954, -0.6336925029754639, -0.10839933156967163, -1.053438663482666, 0.4402235746383667, 0.5820974111557007, -0.11849239468574524, -0.3469301760196686, 0.038548294454813004, -0.18214449286460876, -1.2992628812789917, -1.3227697610855103, -0.3120976686477661, 0.4226737916469574, -1.1780298948287964, -0.6285902857780457, -1.1169425249099731, 0.450634241104126, 0.8175458312034607, 0.6046794652938843, -0.7241212725639343, -0.3865690529346466, 0.3196021616458893, 0.6715096831321716, -0.5562071204185486, 0.2667221426963806, -0.00666934996843338, 0.8433995246887207, -0.6872963905334473, 0.1946106255054474, -0.7077706456184387, 0.651155412197113, 0.9933210611343384, -1.0585540533065796, -0.20980572700500488, -0.8201958537101746, 0.3391093611717224, -0.4868887960910797, 0.0074616968631744385, -1.1981828212738037, 0.474818617105484, 0.5520544052124023, 0.02177048660814762, 0.6211951375007629, 0.6514652967453003, -0.7988418340682983, 0.003787739435210824, -0.11200524866580963, -0.7988421320915222, 0.32403749227523804, -0.23967245221138, -0.17963851988315582, -0.0757177397608757, -0.9575397372245789, 0.33725178241729736, 0.35691553354263306, -0.3243090510368347, 1.0322465896606445, -0.4278261661529541, 0.7882506847381592, -0.7630500793457031, -0.17746154963970184, -0.6453019976615906, 0.6407405734062195, 0.03777150809764862, -0.3801795244216919, -0.3149482309818268, 0.29610341787338257, -0.3208220601081848, -0.7964724898338318, -0.043521150946617126, 1.2154943943023682, 1.4044058322906494, -0.13473446667194366, 0.7706411480903625, -0.10336417704820633, 0.06652563065290451, 0.19206172227859497, -0.6378603577613831, 0.3260685205459595, 0.8138471245765686, -0.6087497472763062, 0.1924794614315033, -1.1452120542526245, 0.3401917815208435, -0.6898201107978821, 0.11240305751562119, -0.575411856174469, 0.12222406268119812, 0.05035554990172386, 0.029964251443743706, -0.4012047052383423, 0.1571059376001358, 0.84843909740448, 0.17759749293327332, 0.7266255021095276, -0.9084645509719849, -0.0944962203502655, 0.873084306716919, -0.2904704213142395, -1.5445090532302856, 0.3582301735877991, -0.12822356820106506, -0.23243454098701477, -0.5769100785255432, 0.19138793647289276, -0.07663345336914062, 0.4064995348453522, 0.129149928689003, 0.008364640176296234, 0.02008676901459694, 0.13595858216285706, 0.6170529127120972, 0.09035700559616089, -1.6594585180282593, 0.5111210346221924, 0.30102822184562683, 0.3757679760456085, 0.5177622437477112, 0.038077861070632935, -0.7789916396141052, -0.6069635152816772, 0.3225228488445282, -0.22404569387435913, 0.6475236415863037, 0.6414875984191895, 0.59784996509552, -0.020801721140742302, 1.4543009996414185, -1.016150712966919, 0.5578555464744568, -0.24350601434707642, -0.560566782951355, -0.23201125860214233, -0.41360411047935486, 0.17301097512245178, -0.7848567366600037, 0.19099296629428864, 0.24410973489284515, 0.36181971430778503, -0.22443290054798126, 0.495797723531723, 0.9479784965515137, -0.7660053372383118, -0.3624977171421051, -0.8328737020492554, -0.12882402539253235, -0.28359416127204895, -0.5654283761978149, 0.7132163047790527, 1.1290946006774902, -0.7849898934364319, -0.1560378074645996, 0.35350027680397034, 0.8861038684844971, -0.9117094278335571, 0.6153596639633179, 0.05620766058564186, -0.11497417092323303, -0.46442919969558716, -0.28998133540153503, 0.9755610227584839, 1.8976131677627563, -0.4152258038520813, -0.12023688107728958, -1.187408447265625, -0.16976705193519592, 1.0936013460159302, 0.24196314811706543, -0.32345786690711975, 0.37355732917785645, 0.7558296918869019, -0.4940049350261688, -0.408590167760849, -0.8235517740249634, -0.2851734459400177, 0.26258355379104614, -0.1439281553030014, 0.8512357473373413, 