{"texts": ["Service Agreement (Master Services Agreement)\nThis Service Agreement (the 'Agreement') is entered into on 2025-09-11 between Company A, S.A.\nde C.V. ('Client') and Provider X, S.A. de C.V. ('Service Provider').\nScope: software development and maintenance services.\nFees: USD 25,000 per month plus applicable taxes; payment net 30 days.\nTerm: initial 12 months with automatic 12-month renewals unless terminated.\nGoverning law: Mexico City, Mexico; venue: competent courts in CDMX.\nCounterparties: Company A, S.A. de C.V.; Provider X, S.A. de C.V.\nThis is a service agreement (service_agreement)."], "pages": [1], "embeddings": [[0.5702852606773376, 0.47719210386276245, -2.8431344032287598, 0.3155237138271332, -0.4500848054885864, -1.0152637958526611, -0.38282591104507446, -0.37936004996299744, 0.01618008501827717, -0.2575186789035797, -0.4992676079273224, -0.07451466470956802, 0.5507650971412659, -1.0271446704864502, 0.9699892401695251, 0.1843676120042801, -0.24874037504196167, -1.0141832828521729, -1.4244766235351562, 0.9358491897583008, -0.47302013635635376, -0.9617158770561218, -0.7726708054542542, -1.2148574590682983, 1.6234996318817139, 0.2760241627693176, 0.021455315873026848, 0.4128248393535614, -0.576844334602356, -0.42776086926460266, 0.7675087451934814, -0.19447238743305206, 1.7463377714157104, 0.11224029213190079, -0.7592716813087463, -1.5207325220108032, 1.0948207378387451, 0.3633560538291931, -0.6345157027244568, -0.7167985439300537, 1.288908839225769, -1.1528775691986084, -0.35292401909828186, -0.21769757568836212, 1.5775997638702393, -0.031857073307037354, 0.6673904061317444, -0.010601104237139225, 0.30585145950317383, -1.0352413654327393, 0.7481604814529419, 0.06971339881420135, 0.17403045296669006, 0.6714781522750854, 0.4046266973018646, 0.10852134227752686, -0.6379527449607849, 0.3496032655239105, -0.5388537645339966, -0.499603807926178, 2.019373655319214, 1.0684995651245117, -0.11700226366519928, 1.8679753541946411, 0.8859468102455139, -0.9626890420913696, -0.2067079395055771, 0.49525949358940125, 0.17791803181171417, 0.08657438308000565, 0.420614629983902, 0.35918158292770386, 0.6862509846687317, -0.021109716966748238, -0.5155250430107117, -0.6555085182189941, -1.0870180130004883, 0.33288586139678955, -0.5789015293121338, -0.2830575704574585, 0.6535151600837708, 0.24795641005039215, 1.3999603986740112, -0.19709265232086182, 0.3421410024166107, 0.23636877536773682, 0.2257620096206665, -0.4086278975009918, -0.9651817083358765, 1.1560498476028442, -0.8222805261611938, 0.2876148819923401, 0.07140615582466125, 0.16578587889671326, -0.8143745064735413, -0.8670963048934937, -0.4818604588508606, -0.0776631310582161, 0.20039236545562744, -0.11644815653562546, -0.48355531692504883, -0.6155748963356018, 0.2915235757827759, 0.27747082710266113, 0.9831342697143555, 1.1583914756774902, -0.7449350953102112, 0.5625587701797485, -0.10048112273216248, -0.68010014295578, -0.6590936779975891, 0.16327710449695587, -0.39088675379753113, 0.40680891275405884, 0.12599878013134003, -0.9054931998252869, 1.1095818281173706, -0.4872547686100006, -0.18662287294864655, 0.46885108947753906, 0.17093171179294586, -1.275562047958374, -0.5009051561355591, 1.289408564567566, 0.9413338303565979, 1.476736068725586, -0.6167845129966736, 0.9893754720687866, 1.1888601779937744, -1.2994357347488403, -0.5304155945777893, 0.225772425532341, 0.16685150563716888, 0.325696736574173, -0.13394632935523987, 0.754319965839386, -0.36494049429893494, -1.1444443464279175, -0.052017711102962494, 0.5901308655738831, 0.057474151253700256, 0.596913754940033, 0.49502694606781006, -0.6449055671691895, 0.5150831937789917, -0.28992146253585815, 0.9121485352516174, -0.5195595026016235, 0.7541028261184692, 0.5239835381507874, 0.4007132053375244, 0.4288327693939209, 0.4469982981681824, 0.5448614358901978, -0.4496716856956482, -1.1135183572769165, -0.37521475553512573, -0.5437793135643005, 0.5608029961585999, 0.6867738962173462, 0.07652121037244797, -0.20536193251609802, -0.6953011155128479, 0.9999971985816956, 0.2366277575492859, -1.2234660387039185, -0.05023488029837608, 1.4040553569793701, -0.1942342072725296, 0.24368919432163239, 0.11971525847911835, -0.6992174386978149, -0.4312992990016937, 0.7475156188011169, 1.2531147003173828, 0.2694242000579834, -0.06724938750267029, -0.5577501654624939, 0.14685699343681335, -0.6560810208320618, -0.18784070014953613, -0.6658772230148315, 0.212666317820549, 0.9257667660713196, -0.5062130093574524, -0.3318638205528259, 0.8511455059051514, -1.622073769569397, -0.829474151134491, -1.0654288530349731, -0.8046110272407532, 0.3573998212814331, -1.1764843463897705, 0.04336724057793617, -0.3757188320159912, -0.17938804626464844, 0.8835337162017822, 0.8590772747993469, 0.04498119652271271, -1.042467474937439, 0.05686665698885918, 0.5461204648017883, -1.1428515911102295, 0.19593974947929382, 0.08073372393846512, 0.9077500104904175, -0.5897741317749023, -0.010638069361448288, -0.9362642168998718, 0.8800466656684875, 0.8677522540092468, -0.698131799697876, -0.28450366854667664, -0.8001742959022522, 0.8475848436355591, -1.2490617036819458, 0.34398943185806274, -0.03939252719283104, 0.38894492387771606, 0.13440246880054474, 0.5128608345985413, -0.33328723907470703, 1.0561901330947876, -0.10538075119256973, -0.1498814970254898, 0.07356803119182587, -1.2752876281738281, 0.693342924118042, -0.19906777143478394, 0.3634146451950073, 0.6553860902786255, -1.1357994079589844, 0.3041316270828247, 1.094342589378357, 0.4820040464401245, -0.015897290781140327, -0.3588860034942627, 1.1830945014953613, -0.20761719346046448, 0.3069818913936615, 0.15128900110721588, 0.2029513418674469, -0.625052809715271, -0.06634052097797394, -0.82134610414505, 0.1617158204317093, -0.440381795167923, -0.0540669783949852, 0.26771804690361023, 1.2242224216461182, 1.7158844470977783, -0.2607036232948303, 1.0077192783355713, -0.527568519115448, 0.7963942289352417, -0.11380408704280853, -0.946199893951416, -0.09732318669557571, -0.2540023624897003, 0.2327568680047989, 0.614218533039093, 0.24837739765644073, 1.5952668190002441, -1.6331857442855835, 0.07532574236392975, -0.7904847264289856, -0.31375083327293396, 0.6442608833312988, 0.011013609357178211, -0.17247328162193298, 0.40222570300102234, 1.0360807180404663, -0.03638439252972603, 0.8505219221115112, -0.3663492798805237, -0.1717320680618286, 1.0472999811172485, -0.9087294936180115, -0.8657615184783936, 0.15360847115516663, -0.21943847835063934, -1.6787669658660889, -0.6267951726913452, -1.0633518695831299, 0.7004257440567017, 0.6611380577087402, -0.34323829412460327, 0.8889463543891907, -0.3489886522293091, 0.26422441005706787, 1.130126714706421, 0.07762526720762253, -0.41818907856941223, 0.4518618583679199, -0.12117543816566467, -0.009857681579887867, 1.0328059196472168, 0.1136217787861824, -0.6786512136459351, -0.7338541150093079, 0.3108470141887665, -0.2335907220840454, 0.7345682382583618, 0.5963661074638367, -0.4975433945655823, 0.06248873472213745, 1.0913548469543457, -0.22145973145961761, 1.0232558250427246, -0.6102961301803589, -0.5410342216491699, -0.589245617389679, -1.0760475397109985, 0.1177787110209465, -1.0441253185272217, 1.0999717712402344, 0.058210816234350204, 0.6210951209068298, -0.15352243185043335, 0.2723652124404907, 0.3315184414386749, -0.8499767780303955, 0.27911853790283203, -1.1810821294784546, -0.40485984086990356, 0.6362685561180115, -0.666499137878418, 0.8018863797187805, -0.5719625353813171, 0.5113151669502258, -0.26153263449668884, -0.09377940744161606, 1.328852891921997, -1.125196933746338, -0.17674481868743896, 0.47186148166656494, 0.2914034128189087, -1.029425024986267, -0.10216590762138367, 0.7360213398933411, 1.5765496492385864, -0.13032664358615875, -0.08616872876882553, -0.8706124424934387, -0.4541153907775879, -0.382826566696167, -0.8305777311325073, -0.05820551514625549, 0.40813377499580383, 0.7880678176879883, -0.07533489167690277, -0.4843190312385559, 0.041182663291692734, 0.5287039875984192, 