{"texts": ["Aviso de Privacidad Integral (Privacy Notice)\nResponsable: Empresa A, S.A. de C.V. Domicilio: Av. Insurgentes 222, CDMX.\nFinalidades: gestión de clientes, facturación, soporte y mercadotecnia con su consentimiento.\nFundamento legal: Ley Federal de Protección de Datos Personales en Posesión de los\nParticulares.\nDerechos ARCO: acceso, rectificación, cancelación y oposición; medios de contacto:\nprivacidad@empresa.com.\nTransferencias: proveedores de servicios en México y Estados Unidos; medidas de seguridad\nadministrativas, técnicas y físicas.\nJurisdicción: Ciudad de México, México.\nEste documento es un aviso de privacidad (privacy notice)."], "pages": [1], "embeddings": [[0.8653068542480469, 0.5806741118431091, -3.062988042831421, 0.3993133008480072, 0.2726667523384094, -1.1889346837997437, -0.43352094292640686, -0.2743808925151825, 0.29975733160972595, 0.7667636275291443, -0.34264570474624634, 0.4780881404876709, 0.7341275811195374, -1.2619235515594482, 0.4413783848285675, -0.39042502641677856, 0.8009359240531921, -1.5975685119628906, -1.2266227006912231, 0.5255346894264221, -0.42943254113197327, -0.03248099982738495, -1.5981388092041016, 0.3823773264884949, 1.6696633100509644, 1.1157077550888062, 1.235809087753296, 1.1039769649505615, -0.04919159784913063, -1.0916244983673096, -0.4731217920780182, 0.3846403658390045, 0.5487897992134094, 0.7432616949081421, -0.1700829118490219, -1.476202130317688, 0.05800996348261833, 1.3584728240966797, -1.0574153661727905, -0.9293808341026306, 0.691005527973175, 0.5411101579666138, -0.9157703518867493, -0.455026239156723, 0.11202291399240494, 0.5412930846214294, 0.15733693540096283, -0.012967419810593128, 0.6465719938278198, -0.7517688274383545, 0.9269731640815735, -0.27987295389175415, 0.24130302667617798, -0.17668114602565765, 1.1438924074172974, -0.9011828303337097, -0.10017500817775726, -0.5822545289993286, 0.11610353738069534, -1.0721453428268433, 2.0733578205108643, 1.3471148014068604, 0.720491886138916, 2.0398638248443604, 0.675728976726532, -0.06747911125421524, -0.8995458483695984, 0.19461645185947418, -0.09225446730852127, -0.7078142166137695, 0.8903365135192871, 0.42631956934928894, -0.35815876722335815, 0.6173653602600098, -0.4247894585132599, -0.48591911792755127, -1.0136076211929321, -0.007190329022705555, -0.28157979249954224, -0.029661692678928375, 0.7328367829322815, -0.08005478978157043, 1.9418045282363892, -0.7654194235801697, 0.814838707447052, 0.23836733400821686, -0.611821174621582, -1.3554402589797974, -1.0745978355407715, 0.06192735582590103, -0.07567327469587326, 0.2978411912918091, 0.6141722798347473, 0.617335319519043, -0.40469396114349365, 0.15262167155742645, -0.1024818867444992, 0.13438120484352112, -0.4480052590370178, -0.3353986442089081, -0.717616617679596, -1.258468747138977, 0.8815218806266785, 0.22375640273094177, 0.47826728224754333, -0.18128277361392975, -0.1940460503101349, 0.3729318380355835, 0.5484188795089722, -0.5720841288566589, -0.09399664402008057, 0.509075939655304, -0.530058741569519, 0.6102545857429504, 0.7303884625434875, -0.33809393644332886, 1.3990721702575684, -1.0670075416564941, 0.5632699131965637, 1.1280429363250732, -0.29715800285339355, -0.3835643231868744, 0.003774312324821949, -0.03035631589591503, -0.13725140690803528, 0.6464267373085022, -0.37450143694877625, 0.5463870763778687, 0.5560697913169861, -0.8041886687278748, -0.29993191361427307, 0.33197689056396484, -0.07495764642953873, 0.1396278291940689, 0.6916752457618713, 0.44495800137519836, -0.008379222825169563, -0.5973706245422363, 0.049196358770132065, 0.6029109358787537, -0.4381563067436218, 0.6849418878555298, -0.01347391027957201, -0.6585590243339539, 0.4866844117641449, -1.8406845331192017, 1.23401939868927, -0.2276768982410431, -0.5708962082862854, -0.5731552243232727, 0.4205397069454193, -0.5310280323028564, 0.2628926932811737, 0.15798185765743256, -0.37140801548957825, -0.8965865969657898, -0.5475255846977234, -0.3266882598400116, 0.10616805404424667, 1.3071590662002563, 0.9328828454017639, 0.6254074573516846, -1.1815698146820068, 1.3626214265823364, -0.10241059958934784, -0.6558890342712402, -0.41457247734069824, 0.8766753077507019, 0.0523458793759346, 0.5431990623474121, -0.2660842537879944, -0.6250857710838318, -0.48893845081329346, 0.40215587615966797, 0.4491825997829437, -0.0772729143500328, -0.14061544835567474, -0.6670771241188049, 0.9116005897521973, -1.4792988300323486, 0.45320335030555725, -0.6243419647216797, 0.43611791729927063, 0.8778566718101501, -0.12250439822673798, -0.8307032585144043, 0.6527056694030762, -1.2875139713287354, -0.7698129415512085, -1.0455423593521118, 0.042730964720249176, 0.6148576736450195, -0.8200341463088989, -0.5710309147834778, -0.6816585063934326, -0.4028107225894928, -0.17734508216381073, 0.05667894333600998, -0.01062749233096838, -0.4707336723804474, -0.43415525555610657, 0.36857426166534424, -0.6159719228744507, 0.5246610641479492, 0.11142054945230484, -0.028113314881920815, -0.6668714880943298, -0.1310727447271347, -0.46956801414489746, 0.7552747130393982, 0.9666348695755005, -0.838525652885437, 0.9214447736740112, -0.810012936592102, 0.7905794978141785, -0.005684832111001015, 0.4045088589191437, -0.16389596462249756, 0.07365760952234268, -0.037994418293237686, -0.06353764235973358, 0.5643657445907593, 1.2634774446487427, -0.26836568117141724, -0.39380109310150146, 0.4954467713832855, -1.1734092235565186, 0.5855088829994202, -0.45619863271713257, 0.48889872431755066, -0.37431085109710693, -1.6583685874938965, 0.2886807322502136, 1.1232423782348633, 0.03638390824198723, 0.24624717235565186, -0.35276445746421814, 1.1554454565048218, -0.4761345386505127, -0.4155776798725128, 0.1301487535238266, 0.2443379908800125, -0.7782524228096008, -0.532139778137207, -1.1063292026519775, 0.45875978469848633, -0.8899219632148743, -1.0368880033493042, 0.2214730679988861, 0.8469839692115784, 1.0279254913330078, -1.0878034830093384, 0.5682932138442993, -0.24787890911102295, 0.40209731459617615, -0.2429463118314743, -0.4157088100910187, -0.844520628452301, 0.43495890498161316, 0.9866506457328796, 0.6861552000045776, -0.8820273280143738, 1.0126339197158813, -0.47559452056884766, -0.19707170128822327, -0.5993096232414246, 0.01652492769062519, 0.7412546277046204, 0.28206658363342285, -0.4479270577430725, 0.923933207988739, 1.3297655582427979, 0.28570646047592163, 0.5739678144454956, 0.04863041639328003, 0.10233680158853531, 1.4604896306991577, -0.5449627637863159, -1.5855039358139038, 0.19386939704418182, -0.7463908791542053, -0.6494925022125244, -0.2979276180267334, -0.1941009908914566, 0.6823171973228455, 0.24165409803390503, 0.29816386103630066, 0.4474959373474121, 0.10809381306171417, 0.06828673928976059, 0.8912715315818787, 0.19833220541477203, -1.3618963956832886, 1.1395422220230103, 0.5524773597717285, 0.24465210735797882, 0.6771261096000671, 0.5891045331954956, 0.17508524656295776, -0.5354846119880676, 0.3822920024394989, 0.1829477995634079, 0.48748213052749634, 0.6717917323112488, -0.22029082477092743, 0.6589341759681702, 1.0634268522262573, -0.09591080248355865, 0.8523234724998474, -0.24674589931964874, -0.7756332159042358, -0.9747486710548401, -1.2430741786956787, 0.256718248128891, -0.7202008962631226, 1.0888957977294922, 0.09843984991312027, -0.027178538963198662, -0.5944792628288269, 0.8653287291526794, 0.9165850281715393, -0.3774697780609131, 0.264136403799057, -0.7266101837158203, 0.37009528279304504, -0.538390040397644, -0.4098149538040161, 1.2289446592330933, 0.6469010710716248, -0.9027285575866699, -0.13607683777809143, 0.1605939120054245, 0.6636030077934265, -1.3583741188049316, -0.1475808173418045, 0.9703000783920288, 0.3628518879413605, 0.31688424944877625, 0.09794236719608307, 0.1575281322002411, 2.614267587661743, -0.8530411124229431, -0.4641803801059723, -0.5862444639205933, -1.0723859071731567, -0.5545350313186646, 0.13482145965099335, -0.21109046041965485, 1.1156716346740723, 0.998424768447876, -0.41406750679016113, 